{
    "MlibObjs": {},
    "cycles_program_begin": 663748033450838,
    "stat": {
        "ru_self_cgstart": {
            "ru_maxrss_kb": 116864,
            "ru_utime_sec": 0.079391000000000003,
            "ru_stime_sec": 0.041667000000000003,
            "ru_minflt": 7422,
            "ru_majflt": 0,
            "ru_nvcsw": 88,
            "ru_nivcsw": 49
        },
        "nMops": 8513,
        "quadSpeed": 87596.511692495667,
        "ru_childs_cgstart": {
            "ru_maxrss_kb": 116864,
            "ru_utime_sec": 0.021458999999999999,
            "ru_stime_sec": 0.059964999999999997,
            "ru_minflt": 5341,
            "ru_majflt": 0,
            "ru_nvcsw": 18,
            "ru_nivcsw": 25
        },
        "cpu_cycles_cgstart": 663748486461088,
        "outputSizePerQuad": 66.608750792644258,
        "nQuads": 3154,
        "totalObjSize": 210084,
        "mopSpeed": 236432.81675276335,
        "mop/quad": 2.6991122384273938,
        "cpu_cycles_end": 663748617240610,
        "ru_self_end": {
            "ru_maxrss_kb": 127604,
            "ru_utime_sec": 0.114249,
            "ru_stime_sec": 0.048225999999999998,
            "ru_minflt": 9282,
            "ru_majflt": 0,
            "ru_nvcsw": 90,
            "ru_nivcsw": 67
        },
        "ru_childs_end": {
            "ru_maxrss_kb": 116864,
            "ru_utime_sec": 0.022606999999999999,
            "ru_stime_sec": 0.064563999999999996,
            "ru_minflt": 5569,
            "ru_majflt": 0,
            "ru_nvcsw": 18,
            "ru_nivcsw": 27
        },
        "cpu_cycles_total": 583789772,
        "Frontend(%)": 73.690594493482195,
        "CodeGen(%)": 26.309405506517805,
        "peak_mem_kb": 330432,
        "realTime": 0.22645092010498047
    },
    "CompileStrategy": "fullobj",
    "perf": [
        {
            "stat": [
                "main",
                "entry",
                0.014175891876220703,
                0.030422000000000001,
                0.026499000000000002,
                220628,
                220628,
                0.0,
                0.0,
                1776807866.0958109,
                663748033627278
            ],
            "sub": [
                {
                    "stat": [
                        "doParsingAndDesignResolution",
                        "entry",
                        0.052985906600952148,
                        0.047375,
                        0.031694,
                        314140,
                        314808,
                        0.0,
                        0.0,
                        1776807866.1346209,
                        663748140328790
                    ],
                    "sub": []
                },
                {
                    "stat": [
                        "doParsingAndDesignResolution",
                        "exit",
                        0.057656049728393555,
                        0.050286999999999998,
                        0.033411999999999997,
                        315144,
                        315792,
                        0.0,
                        0.0,
                        1776807866.139291,
                        663748153174618
                    ],
                    "sub": []
                },
                {
                    "stat": [
                        "doPostDesignResolutionToVir2Vcs",
                        "entry",
                        0.05857396125793457,
                        0.050520000000000002,
                        0.033627999999999998,
                        315144,
                        315792,
                        0.0,
                        0.0,
                        1776807866.140209,
                        663748155681435
                    ],
                    "sub": [
                        {
                            "stat": [
                                "doUptoVir2VcsNoSepCleanup",
                                "entry",
                                0.061774969100952148,
                                0.051633999999999999,
                                0.035698000000000001,
                                316140,
                                316140,
                                0.0,
                                0.0,
                                1776807866.14341,
                                663748164484240
                            ],
                            "sub": []
                        },
                        {
                            "stat": [
                                "doUptoVir2VcsNoSepCleanup",
                                "exit",
                                0.12902402877807617,
                                0.077288999999999997,
                                0.039612000000000001,
                                318096,
                                330432,
                                0.0084600000000000005,
                                0.028135,
                                1776807866.210659,
                                663748349456775
                            ],
                            "sub": []
                        },
                        {
                            "stat": [
                                "doRadify_vir2vcsAll",
                                "entry",
                                0.12906908988952637,
                                0.077318999999999999,
                                0.039627000000000002,
                                318096,
                                330432,
                                0.0084600000000000005,
                                0.028135,
                                1776807866.2107041,
                                663748349526103
                            ],
                            "sub": []
                        },
                        {
                            "stat": [
                                "doRadify_vir2vcsAll",
                                "exit",
                                0.13163399696350098,
                                0.079016000000000003,
                                0.040474999999999997,
                                318504,
                                330432,
                                0.0084600000000000005,
                                0.028135,
                                1776807866.213269,
                                663748356609800
                            ],
                            "sub": []
                        }
                    ]
                },
                {
                    "stat": [
                        "doPostDesignResolutionToVir2Vcs",
                        "exit",
                        0.13166189193725586,
                        0.079035999999999995,
                        0.040485,
                        318504,
                        330432,
                        0.0084600000000000005,
                        0.028135,
                        1776807866.2132969,
                        663748356657953
                    ],
                    "sub": []
                },
                {
                    "stat": [
                        "doGAToPass2",
                        "entry",
                        0.13167905807495117,
                        0.079047000000000006,
                        0.040490999999999999,
                        318504,
                        330432,
                        0.0084600000000000005,
                        0.028135,
                        1776807866.2133141,
                        663748356698900
                    ],