{
    "Modules": {
        "tb_ffe": {
            "start_perf": [
                0.2151339054107666,
                0.088473999999999997,
                0.041208000000000002,
                318600,
                330432,
                1776808021.0674729,
                664174204885318
            ],
            "nQuads": 2945,
            "child_modules": {},
            "Compiled": "Yes",
            "Compiled Times": 3,
            "significant_routs": [
                [
                    2,
                    "R_VCSgd_kAB57_2",
                    3073593,
                    3810,
                    486
                ],
                [
                    120,
                    "R_VCSgd_kAB57_78",
                    4338455,
                    4801,
                    615
                ],
                [
                    126,
                    "R_VCSgd_kAB57_7e",
                    2701847,
                    3510,
                    366
                ],
                [
                    149,
                    "R_VCSgd_kAB57_95",
                    6995532,
                    8120,
                    1070
                ],
                [
                    155,
                    "R_VCSgd_kAB57_9b",
                    6922575,
                    8045,
                    1193
                ],
                [
                    167,
                    "R_VCSgd_kAB57_a7",
                    3526765,
                    4243,
                    456
                ]
            ],
            "end_perf": [
                0.25756406784057617,
                0.12667999999999999,
                0.045081999999999997,
                325888,
                330432,
                664174321548403,
                7618568715294435110,
                0
            ],
            "nMops": 7987,
            "nRouts": 243
        },
        "...MASTER...": {
            "nQuads": 0,
            "start_perf": [
                0.20208191871643066,
                0.083824999999999997,
                0.039189000000000002,
                317140,
                330432,
                1776808021.0544209,
                664174168991355
            ],
            "child_modules": {
                "std": 1,
                "tb_ffe": 1
            },
            "end_perf": [
                0.21104288101196289,
                0.085466,
                0.040191999999999999,
                318600,
                330432,
                664174193673815,
                0,
                0
            ],
            "nRouts": 5,
            "nMops": 0
        },
        "std": {
            "start_perf": [
                0.21118998527526855,
                0.085566000000000003,
                0.040238999999999997,
                318600,
                330432,
                1776808021.063529,
                664174194036513
            ],
            "nQuads": 218,
            "child_modules": {},
            "Compiled": "Yes",
            "num_classes": 6,
            "Compiled Times": 3,
            "end_perf": [
                0.21506190299987793,
                0.088424000000000003,
                0.041184999999999999,
                318600,
                330432,
                664174204724058,
                0,
                0
            ],
            "nMops": 528,
            "svclass": [
                "$vcs_nba_dyn_obj",
                0,
                35,
                2,
                2,
                0,
                0,
                "sigprop$$",
                0,
                35,
                2,
                2,
                0,
                0,
                "process",
                0,
                200,
                8,
                8,
                0,
                0,
                "event",
                0,
                34,
                2,
                2,
                0,
                0,
                "mailbox",
                0,
                140,
                9,
                9,
                0,
                0,
                "semaphore",
                0,
                84,
                5,
                5,
                0,
                0
            ],
            "nRouts": 33
        }
    },
    "CompUnits": {
        "kAB57_d": {
            "mod": "tb_ffe",
            "mode": 4,
            "out": "kAB57_d.o",
            "checksum": 0,
            "bytes": 110552,
            "text": 65982,
            "archive": "archive.2/_1265721_archive_1.a"
        }
    },
    "reusePaths": {
        "amcQw_d": {
            "icPath": "csrc"
        },
        "reYIK_d": {
            "icPath": "csrc"
        }
    },
    "ObjArchives": [
        {
            "archive": "archive.2/_1265721_archive_1.a",
            "objects": [
                [
                    "kAB57_d.o",
                    110552
                ],
                [
                    "amcQwB.o",
                    100802
                ]
            ],
            "size": 211354
        }
    ],
    "stat": {
        "ru_self_end": {
            "ru_majflt": 0,
            "ru_utime_sec": 0.12687200000000001,
            "ru_nvcsw": 90,
            "ru_minflt": 9282,
            "ru_stime_sec": 0.047120000000000002,
            "ru_maxrss_kb": 127800,
            "ru_nivcsw": 62
        },
        "peak_mem_kb": 330432,
        "ru_childs_end": {
            "ru_majflt": 0,
            "ru_utime_sec": 0.031829999999999997,
            "ru_nvcsw": 23,
            "ru_minflt": 5569,
            "ru_stime_sec": 0.061649000000000002,
            "ru_maxrss_kb": 117000,
            "ru_nivcsw": 25
        },
        "cpu_cycles_end": 664174327642733
    }
}